villageId,census_eth,census_rlg,census_employ,census_noAgri,census_poverty,census_pop,ocensus_eth,ocensus_edu,ocensus_employ,ocensus_noAgri,ocensus_messagesPer100,ocensus_cluster,ocensus_nCommercial,ocensus_pop,pg_pg,pg_elec,pg_roadtype,pg_nursery,pg_govprim,pg_govhealth,pg_watersource,pg_toilets,pg_lg,pg_savingsgroup,pg_farmersgroup,pg_center,pg_biergarten,pg_market,pg_market_crops,pg_field,pg_dryspace,pg_instruments,pg_bicycle,pg_church,pg_mtn,pg_orange,pg_airtel,elections_turnoutRegistered,elections_turnoutAdultPop,elections_winShare,distArua,distHealth,distSchool,design_ctyMeet,design_diagMeet
33,0.04197192192077637,0.0735822319984436,0.8134714961051941,0.09554140269756317,-0.22854162752628326,180,0.09147238731384277,0.43014705181121826,0.4681818187236786,0.4126984179019928,10.434782981872559,LOGIRI,1,230,NA,NA,NA,NA,NA,NA,NA,NA,NA,NA,NA,NA,NA,NA,NA,NA,NA,NA,NA,NA,NA,NA,NA,NA,NA,NA,32114.817947,637.486059184,361.396207891,1,0
40,0.004376351833343506,0.1849510669708252,0.8968609571456909,0.16500000655651093,-0.4797310531139374,203,0.04352295398712158,0.3309352397918701,0.5519999861717224,0.05263157933950424,42.519683837890625,ODRAKA,0,127,-0.04069178178906441,0,0,0,0,0,1,0,1.2411632537841797,3,0,0,1,0,1,1,8,1,4,1,1,1,1,0.4105112850666046,0.3426876962184906,0.853688526327187,30124.303767,1607.81689469,3651.36966477,1,0
81,0.11488127708435059,0.33757108449935913,0.9519230723381042,0.5353535413742065,0.13327790796756744,295,0.020963549613952637,0.46086955070495605,0.33522728085517883,0.2933333218097687,74.7368392944336,VURRA,0,190,-0.20761510729789734,1,1,0,0,0,3,4,0.5758277773857117,3,1,1,0,1,0,0,5,1,2,0,1,1,1,0.26406431198120117,0.2723163068294525,0.6960352508881117,12628.1786927,278.106274127,569.395321314,1,0
41,0.035748422145843506,0.5947959423065186,1,0.10752688348293304,-0.48380741477012634,177,0.013355255126953125,0.40145984292030334,0.12711864709854126,0.46666666865348816,13.38582706451416,ODUBU,0,127,NA,NA,NA,NA,NA,NA,NA,NA,NA,NA,NA,NA,NA,NA,NA,NA,NA,NA,NA,NA,NA,NA,NA,NA,NA,NA,46833.3039313,4136.3889177,3039.44581715,0,0
29,0.002735912799835205,0.05613434314727783,0.8069164156913757,0.0714285746216774,-0.4262041449546814,320,0,0.41489362716674805,0.4104803502559662,0.13445378839969635,39.76377868652344,ITIA,0,254,0.04249241203069687,0,1,0,1,0,0,0,0.24698534607887268,4,0,0,0,1,0,0,6,0,0,1,1,1,1,0.35820895433425903,0.337019145488739,0.7142856947647016,16257.4420182,1845.87948229,704.157227838,1,0
55,0.010666310787200928,0.3919958472251892,0.7740113139152527,0.20437955856323242,0.08942162245512009,161,0.007272660732269287,0.43089431524276733,0.33636364340782166,0.22448979318141937,116.36363983154297,OPIA,0,110,0.6890908479690552,1,1,1,1,0,2,11,0.026038087904453278,0,0,0,0,0,0,1,0,1,2,1,1,1,1,0.19038815796375275,0.19461901485919952,0.3030303133296966,22595.6212567,896.620364181,155.64875465,0,0
13,0.35363727807998657,0.6327163577079773,0.8376237750053406,0.39716312289237976,0.22552700340747833,450,0.5618210434913635,0.5114753842353821,0.5208333134651184,0.9677419066429138,20.996440887451172,BONDO,1,281,NA,NA,NA,NA,NA,NA,NA,NA,NA,NA,NA,NA,NA,NA,NA,NA,NA,NA,NA,NA,NA,NA,NA,NA,NA,NA,23265.6865692,1889.43177612,735.411578781,1,1
47,0.01599133014678955,0.1972721815109253,0.9480000138282776,0.4430379867553711,0.20736564695835114,230,0.010190963745117187,0.3989070951938629,0.03896103799343109,0.8333333134651184,3.7037036418914795,OLUKO ITALIA SOLIDAL,0,162,-0.471422016620636,0,1,0,0,0,2,0,-0.4064447283744812,3,1,0,0,0,0,0,2,0,0,0,1,1,1,0.14472123980522156,0.14068518579006195,0.741379294673644,6490.44787949,291.004175718,424.041734368,0,0
15,0.007380008697509766,0.23975306749343872,0.9285714030265808,0.6461538672447205,-0.4451167583465576,128,0.06355351209640503,0.4921875,0.22429905831813812,0.09756097197532654,13.913043022155762,BONDO,0,115,NA,NA,NA,NA,NA,NA,NA,NA,NA,NA,NA,NA,NA,NA,NA,NA,NA,NA,NA,NA,NA,NA,NA,NA,NA,NA,24497.4517203,1150.68561592,1613.63776589,0,0
74,0.021420955657958984,0.07502949237823486,0.8857142925262451,0.0875576063990593,-0.2852403521537781,235,0,0.18589743971824646,0.40740740299224854,0,2.25563907623291,ST. LUKE,0,133,NA,NA,NA,NA,NA,NA,NA,NA,NA,NA,NA,NA,NA,NA,NA,NA,NA,NA,NA,NA,NA,NA,NA,NA,NA,NA,33577.0157269,489.186685689,1122.25915468,0,0
48,0.011695683002471924,0.17339086532592773,0.8774703741073608,0.3468468487262726,-0.18643446266651154,236,0,0.35449734330177307,0.38461539149284363,0.012658228166401386,7.5471696853637695,OLUKO ITALIA SOLIDAL,0,159,NA,NA,NA,NA,NA,NA,NA,NA,NA,NA,NA,NA,NA,NA,NA,NA,NA,NA,NA,NA,NA,NA,NA,NA,NA,NA,8785.7617542,1657.89338168,2378.94298094,1,0
69,0.020470917224884033,0.2667127847671509,0.8464567065238953,0.17209301888942719,0.03452147915959358,227,0.05786788463592529,0.48241207003593445,0.14965985715389252,1,11.695906639099121,ST. FRANCIS,0,171,NA,NA,NA,NA,NA,NA,NA,NA,NA,NA,NA,NA,NA,NA,NA,NA,NA,NA,NA,NA,NA,NA,NA,NA,NA,NA,18261.0597887,0,739.470851744,1,1
24,0.06920081377029419,0.29339611530303955,0.929961085319519,0.06694560497999191,-0.38888785243034363,237,0.014108896255493164,0.3439490497112274,0.3776223659515381,0.04716981202363968,6.4285712242126465,GBULUKUATUANI,0.5,140,NA,NA,NA,NA,NA,NA,NA,NA,NA,NA,NA,NA,NA,NA,NA,NA,NA,NA,NA,NA,NA,NA,NA,NA,NA,NA,32804.186989149995,1914.5133474650002,4216.4170212,1,0
1,0.11485457420349121,0.47332894802093506,0.9860627055168152,0.23321554064750671,-0.1019245907664299,530,0.06348299980163574,0.24354243278503418,0.44117647409439087,0.095238097012043,13.50210952758789,AKINO,1,237,NA,NA,NA,NA,NA,NA,NA,NA,NA,NA,NA,NA,NA,NA,NA,NA,NA,NA,NA,NA,NA,NA,NA,NA,NA,NA,52679.374043,0,1678.50399717,1,1
20,0.6128065586090088,0.5583113431930542,0.5302013158798218,0.9329113960266113,0.638200044631958,1313,0.3262711763381958,0.6441647410392761,0.4768976867198944,0.9453924894332886,12.256267547607422,EDIOFE,0,718,NA,NA,NA,NA,NA,NA,NA,NA,NA,NA,NA,NA,NA,NA,NA,NA,NA,NA,NA,NA,NA,NA,NA,NA,NA,NA,1181.88952415,552.726169405,794.418989469,0,0
11,0.40600836277008057,0.4048185348510742,0.9375,0.5666666626930237,0.4680793285369873,31,0,0.6578947305679321,0.6785714030265808,0.9473684430122375,87.5,AROI,0,32,1.2322521209716797,1,0,1,1,0,2,22,-0.06599727272987366,1,1,0,0,0,0,1,1,1,0,1,1,1,1,0.14115837216377258,0.20732636749744415,0.7523700861780755,10170.083672,628.778495447,201.504517534,1,0
3,0.048494815826416016,0.28062599897384644,0.9250936508178711,0.2267206460237503,0.02304868772625923,253,0.05557435750961304,0.36986300349235535,0.39819005131721497,0.13291139900684357,35.05976104736328,ANYIRIBU,1,251,NA,NA,NA,NA,NA,NA,NA,NA,NA,NA,NA,NA,NA,NA,NA,NA,NA,NA,NA,NA,NA,NA,NA,NA,NA,NA,53488.7543736,851.70377821,1631.35980902,1,0
82,0.02097553014755249,0.34865427017211914,0.8601252436637878,0.6626213788986206,0.19886307418346405,429,0.03537529706954956,0.42274051904678345,0.2734375,0.1946902722120285,20.67796516418457,VURRA,0,295,NA,NA,NA,NA,NA,NA,NA,NA,NA,NA,NA,NA,NA,NA,NA,NA,NA,NA,NA,NA,NA,NA,NA,NA,NA,NA,12530.9249026,0,526.145820562,1,1
75,0.005904078483581543,0.3280172348022461,0.8974359035491943,0.18412698805332184,0.07481175661087036,315,0.0045146942138671875,0.27272728085517883,0.3179190754890442,0.12280701845884323,26.53061294555664,ST. LUKE,0,196,-0.0543668307363987,1,1,0,0,0,1,0,-0.3597767949104309,3,4,0,0,0,0,0,1,1,0,1,1,1,1,0.36706870794296265,0.3117007911205292,0.5858201866090351,35841.6959822,1028.42389927,2863.18539174,0,0
71,0.0033501386642456055,0.1998840570449829,0.931506872177124,0.05514705926179886,-0.08469898998737335,276,0,0.4545454680919647,0.125827819108963,0.8387096524238586,34.33734893798828,ST. FRANCIS,0,166,NA,NA,NA,NA,NA,NA,NA,NA,NA,NA,NA,NA,NA,NA,NA,NA,NA,NA,NA,NA,NA,NA,NA,NA,NA,NA,17130.5529847,494.504618114,1222.29673643,1,0
42,0.004282653331756592,0.5448617935180664,0.991304337978363,0.29385966062545776,-0.32477810978889465,205,0.4578651189804077,0.5304659605026245,0.3876543343067169,0.36548224091529846,8.119658470153809,ODUBU,4,468,NA,NA,NA,NA,NA,NA,NA,NA,NA,NA,NA,NA,NA,NA,NA,NA,NA,NA,NA,NA,NA,NA,NA,NA,NA,NA,53581.4963396,3458.98296218,3813.39513984,0,0
7,0.01121455430984497,0.49067217111587524,0.9233576655387878,0.4466403126716614,0.2188597470521927,266,0.004739344120025635,0.33796295523643494,0.20588235557079315,0.4523809552192688,0.5235602259635925,AROI,0,191,-0.061343204230070114,0,1,0,1,0,3,12,0.060644444078207016,1,2,0,0,1,0,1,2,0,0,2,1,1,1,0.1811586320400238,0.14382527768611908,0.8060976426293242,8940.88989949,1215.20301154,243.334366099,0,0
6,0.005559384822845459,0.5041744112968445,0.3658119738101959,0.5903614163398743,-0.12359794974327087,664,0,0.4548611044883728,0.3558558523654938,0.31578946113586426,8.467741966247559,AROI,0,248,NA,NA,NA,NA,NA,NA,NA,NA,NA,NA,NA,NA,NA,NA,NA,NA,NA,NA,NA,NA,NA,NA,NA,NA,NA,NA,8295.52041909,913.99754383,1160.88368008,0,0
59,0,0.06823736429214478,0.970588207244873,0.21212121844291687,-0.16136130690574646,286,0.007471919059753418,0.4898550808429718,0.3576158881187439,0.17763157188892365,8.090615272521973,OTUMBARI,0,309,NA,NA,NA,NA,NA,NA,NA,NA,NA,NA,NA,NA,NA,NA,NA,NA,NA,NA,NA,NA,NA,NA,NA,NA,NA,NA,21530.8030914,0,850.028168695,1,1
37,0.0061776041984558105,0.5212596654891968,0.9879153966903687,0.012232416309416294,-0.3393576443195343,302,0.006896495819091797,0.4206896424293518,0.016806723549962044,0.3333333432674408,13.28125,NICU,0,128,NA,NA,NA,NA,NA,NA,NA,NA,NA,NA,NA,NA,NA,NA,NA,NA,NA,NA,NA,NA,NA,NA,NA,NA,NA,NA,27401.5305571,2329.63135769,2862.27137988,1,0
73,0.013628184795379639,0.3203931450843811,0.9064748287200928,0.3650793731212616,-0.18723469972610474,128,0,0.34112149477005005,0.10169491171836853,0.03030303120613098,17.94871711730957,ST. LUKE,0,195,NA,NA,NA,NA,NA,NA,NA,NA,NA,NA,NA,NA,NA,NA,NA,NA,NA,NA,NA,NA,NA,NA,NA,NA,NA,NA,35809.624002,1112.23616347,2233.87769948,0,0
50,0.0096968412399292,0.0240822434425354,0.7897436022758484,0,-0.03440886735916138,183,0.005681753158569336,0.3863636255264282,0.4198473393917084,0.4590163826942444,0.6622516512870789,OMBINDRIONDRIA,0,151,-0.17607827484607697,0,NA,0,0,0,0,0,-0.41904833912849426,1,0,0,0,0,0,0,0,0,2,0,0,1,1,0.30761998891830444,0.30451270937919617,0.6935398413641458,8919.17254067,307.340485774,809.154980378,1,0
34,0.010922133922576904,0.217065691947937,0.8978873491287231,0.0784313753247261,-0.388353556394577,269,0.012677967548370361,0.4470588266849518,0.38805970549583435,0.08196721225976944,13.01369857788086,NICU,0,146,NA,NA,NA,NA,NA,NA,NA,NA,NA,NA,NA,NA,NA,NA,NA,NA,NA,NA,NA,NA,NA,NA,NA,NA,NA,NA,23882.263438,0,2463.58688186,1,1
38,0.0039215087890625,0.05375152826309204,0.737827718257904,0.20812182128429413,-0.06462112814188004,252,0.006024003028869629,0.45505619049072266,0.1568627506494522,0.5,12.883435249328613,ODRAKA,0,163,NA,NA,NA,NA,NA,NA,NA,NA,NA,NA,NA,NA,NA,NA,NA,NA,NA,NA,NA,NA,NA,NA,NA,NA,NA,NA,33891.284568,2187.69278929,763.929372343,1,0
67,0.03500664234161377,0.16523414850234985,0.8547717928886414,0.3883495032787323,0.23880620300769806,231,0.4524375796318054,0.4118589758872986,0.20593367516994476,0.30201342701911926,0.38684719800949097,SIRIPI,1,517,NA,NA,NA,NA,NA,NA,NA,NA,NA,NA,NA,NA,NA,NA,NA,NA,NA,NA,NA,NA,NA,NA,NA,NA,NA,NA,48307.9919401,0,4279.31321848,1,1
72,0.011962413787841797,0.4300832748413086,0.8776758313179016,0.2787456512451172,-0.16931092739105225,300,0.029221057891845703,0.26485148072242737,0.41433021426200867,0.13131313025951385,5.128205299377441,ST. LUKE,0,351,NA,NA,NA,NA,NA,NA,NA,NA,NA,NA,NA,NA,NA,NA,NA,NA,NA,NA,NA,NA,NA,NA,NA,NA,NA,NA,36503.5706134,3219.61398075,1281.61849856,0,0
36,0,0.37446653842926025,0.8148148059844971,0.09740259498357773,-0.21616481244564056,180,0.05062568187713623,0.3175675570964813,0.04918032884597778,0.6666666865348816,7.2580647468566895,NICU,1,124,NA,NA,NA,NA,NA,NA,NA,NA,NA,NA,NA,NA,NA,NA,NA,NA,NA,NA,NA,NA,NA,NA,NA,NA,NA,NA,25640.1315139,461.205389454,681.851461125,1,0
35,0,0.3829173445701599,0.7982954382896423,0.3629893362522125,-0.34494608640670776,317,0.004629552364349365,0.3578431308269501,0.3076923191547394,0.34328359365463257,5.4347825050354,NICU,0,184,NA,NA,NA,NA,NA,NA,NA,NA,NA,NA,NA,NA,NA,NA,NA,NA,NA,NA,NA,NA,NA,NA,NA,NA,NA,NA,22186.7125246,1153.53383076,785.775986284,1,0
76,0.035497844219207764,0.4515042304992676,0.9823529124259949,0.28143712878227234,0.08749999105930328,159,0.07949990034103394,0.43609023094177246,0.1782178282737732,0.8333333134651184,20.3389835357666,ST. LUKE,0,118,NA,NA,NA,NA,NA,NA,NA,NA,NA,NA,NA,NA,NA,NA,NA,NA,NA,NA,NA,NA,NA,NA,NA,NA,NA,NA,33927.9189513,0,399.972265422,1,1
27,0.022418677806854248,0.08752262592315674,0.7155555486679077,0.059006210416555405,-0.16866393387317657,417,0.14689099788665771,0.5099160671234131,0.34315037727355957,0.09705648571252823,0.8204632997512817,IMVEPI,0,2072,NA,NA,NA,NA,NA,NA,NA,NA,NA,NA,NA,NA,NA,NA,NA,NA,NA,NA,NA,NA,NA,NA,NA,NA,NA,NA,51567.0881869,0,537.240773275,1,1
5,0,0.032383739948272705,0.7684210538864136,0.10958904027938843,0.10538804531097412,182,0.3958396315574646,0.2949061691761017,0.442176878452301,0.07473309338092804,4.716980934143066,ANYIRIBU,0,318,NA,NA,NA,NA,NA,NA,NA,NA,NA,NA,NA,NA,NA,NA,NA,NA,NA,NA,NA,NA,NA,NA,NA,NA,NA,NA,55718.5409657,0,1695.46703845,1,1
80,0.0070726871490478516,0.5170905590057373,0.678657054901123,0.15547703206539154,-0.14966782927513123,385,0,0.3785046637058258,0.08124999701976776,0.7692307829856873,53.93258285522461,TUKU,0,178,0.7447781562805176,0,0,1,1,0,2,13,0.8288990259170532,3,0,0,1,1,0,1,1,0,5,2,1,1,1,0.4568343758583069,0.3269187808036804,0.4706334957727578,16332.0928894,258.352022787,372.44187801099997,0,0
83,0.004683792591094971,0.018603086471557617,0.879807710647583,0.44262295961380005,0.17569632828235626,189,0,0.4189944267272949,0.5572519302368164,0.28455284237861633,6.666666507720947,VURRA,1,150,NA,NA,NA,NA,NA,NA,NA,NA,NA,NA,NA,NA,NA,NA,NA,NA,NA,NA,NA,NA,NA,NA,NA,NA,NA,NA,10651.7736973,2403.52695152,529.897290837,1,0
60,0,0.17834824323654175,0.9933775067329407,0.2666666805744171,-0.46021026372909546,414,0.0023865699768066406,0.3196544349193573,0.07343412190675735,1,2.4570024013519287,OTUMBARI,0,407,NA,NA,NA,NA,NA,NA,NA,NA,NA,NA,NA,NA,NA,NA,NA,NA,NA,NA,NA,NA,NA,NA,NA,NA,NA,NA,23443.4511422,927.961439523,2607.45479422,1,0
2,0,0.3017461895942688,0.9064327478408813,0.025806451216340065,-0.2734954059123993,159,0.05731993913650513,0.33986929059028625,0.5073529481887817,0.0703125,21.481481552124023,ANYIRIBU,0,135,NA,NA,NA,NA,NA,NA,NA,NA,NA,NA,NA,NA,NA,NA,NA,NA,NA,NA,NA,NA,NA,NA,NA,NA,NA,NA,53710.4277438,3317.91721287,3592.82795893,0,0
51,0.003976166248321533,0.1668306589126587,0.8622047305107117,0.13242009282112122,-0.1506982445716858,233,0,0.40566039085388184,0.3016759753227234,0.06557376682758331,1.1111111640930176,OMBINDRIONDRIA,0,180,-0.3527856469154358,0,1,0,0,0,1,0,-0.32053104043006897,1,2,0,0,0,0,0,2,1,2,0,1,1,1,0.31474417448043823,0.26960644125938416,0.6863203664173532,9426.2796653,280.466299681,1027.96571513,0,0
43,0.006354272365570068,0.11438602209091187,0.6423841118812561,0.2525773048400879,-0.1060047298669815,272,0.004987478256225586,0.49189189076423645,0.190476194024086,0.75,30.128204345703125,OJE,0,156,NA,NA,NA,NA,NA,NA,NA,NA,NA,NA,NA,NA,NA,NA,NA,NA,NA,NA,NA,NA,NA,NA,NA,NA,NA,NA,12483.7912697,0,820.9545235,1,1
23,0.018726050853729248,0.34308290481567383,0.6557971239089966,0.07182320207357407,-0.29224878549575806,261,0.007325887680053711,0.5300546288490295,0.4810126721858978,0.027027027681469917,7.317073345184326,GBULUKUATUANI,0,164,NA,NA,NA,NA,NA,NA,NA,NA,NA,NA,NA,NA,NA,NA,NA,NA,NA,NA,NA,NA,NA,NA,NA,NA,NA,NA,33072.2455479,0,4984.63565944,1,1
49,0.00588226318359375,0.20814305543899536,0.9482758641242981,0.1515151560306549,-0.12747853994369507,166,0,0.525547444820404,0.4649122953414917,0.12857143580913544,19.827587127685547,OMBINDRIONDRIA,0,116,NA,NA,NA,NA,NA,NA,NA,NA,NA,NA,NA,NA,NA,NA,NA,NA,NA,NA,NA,NA,NA,NA,NA,NA,NA,NA,8284.12371925,891.072107434,852.796395903,1,0
8,0.026635468006134033,0.5105476379394531,0.8999999761581421,0.2995169162750244,0.06668900698423386,215,0,0.3469387888908386,0.009259259328246117,1,3.846153736114502,AROI,0,130,NA,NA,NA,NA,NA,NA,NA,NA,NA,NA,NA,NA,NA,NA,NA,NA,NA,NA,NA,NA,NA,NA,NA,NA,NA,NA,9280.47973593,293.452141877,1210.92455336,0,0
85,0,0,0.9363057613372803,0.08843537420034409,0.08957482129335403,147,0.03455764055252075,0.522988498210907,0.04878048598766327,0.4444444477558136,38.36478042602539,YINGA,1,159,NA,NA,NA,NA,NA,NA,NA,NA,NA,NA,NA,NA,NA,NA,NA,NA,NA,NA,NA,NA,NA,NA,NA,NA,NA,NA,45173.8364534,0,1777.18931091,1,0
26,0.0084743499755859375,0.0084743499755859375,0.5538461804389954,0.0416666679084301,-0.22379054129123688,120,0.42914921045303345,0.48076921701431274,0.2559852600097656,0.11555555462837219,2.7484142780303955,IMVEPI,0,473,NA,NA,NA,NA,NA,NA,NA,NA,NA,NA,NA,NA,NA,NA,NA,NA,NA,NA,NA,NA,NA,NA,NA,NA,NA,NA,45145.7392033,846.849187733,1039.11737118,1,0
62,0.04291445016860962,0.2938501834869385,0.936923086643219,0.2773497700691223,-0.3693879246711731,612,0.021212339401245117,0.43968871235847473,0.5202020406723022,0.09890110045671463,20.089284896850586,OYIMA,2,224,NA,NA,NA,NA,NA,NA,NA,NA,NA,NA,NA,NA,NA,NA,NA,NA,NA,NA,NA,NA,NA,NA,NA,NA,NA,NA,43569.6794828,0,1189.00934622,1,1
18,0.28867751359939575,0.27343904972076416,0.8991031646728516,0.9276807904243469,0.21917404234409332,415,0.31741487979888916,0.4983498454093933,0.643478274345398,0.6612903475761414,28.937728881835937,EDIOFE,0,273,NA,NA,NA,NA,NA,NA,NA,NA,NA,NA,NA,NA,NA,NA,NA,NA,NA,NA,NA,NA,NA,NA,NA,NA,NA,NA,2704.08000902,470.455396304,1108.32178571,1,0
65,0.010761857032775879,0.3246387839317322,0.8070588111877441,0.3644315004348755,-0.04313647374510765,395,0.3896016478538513,0.5791583061218262,0.18398268520832062,0.0827067643404007,13.429256439208984,SIRIPI,1,417,NA,NA,NA,NA,NA,NA,NA,NA,NA,NA,NA,NA,NA,NA,NA,NA,NA,NA,NA,NA,NA,NA,NA,NA,NA,NA,41893.5512177,3922.90037119,2799.42339935,1,0
57,0.027069926261901855,0.10148292779922485,0.99303138256073,0.08421052992343903,0.1161198765039444,262,0.0040321946144104,0.35545024275779724,0.1034482792019844,0.25925925374031067,24.352331161499023,OTUMBARI,1,193,NA,NA,NA,NA,NA,NA,NA,NA,NA,NA,NA,NA,NA,NA,NA,NA,NA,NA,NA,NA,NA,NA,NA,NA,NA,NA,20944.1164027,649.173052599,765.728778344,1,0
86,0.0026075243949890137,0.10856980085372925,0.9342105388641357,0.08732394129037857,-0.19529205560684204,344,0.5217920541763306,0.526770293712616,0.2541436553001404,0.10778442770242691,2.4439918994903564,YINGA,0,491,NA,NA,NA,NA,NA,NA,NA,NA,NA,NA,NA,NA,NA,NA,NA,NA,NA,NA,NA,NA,NA,NA,NA,NA,NA,NA,49343.1109673,2495.56390845,3816.67794365,1,1
84,0.14887768030166626,0.40896499156951904,0.8468677401542664,0.8767123222351074,0.21130888164043427,394,0.11819934844970703,0.4048338234424591,0.3992537260055542,0.35185185074806213,8.333333015441895,VURRA,0,288,NA,NA,NA,NA,NA,NA,NA,NA,NA,NA,NA,NA,NA,NA,NA,NA,NA,NA,NA,NA,NA,NA,NA,NA,NA,NA,14195.2718628,1216.91046857,696.291667821,0,0
17,0.3813146948814392,0.4489316940307617,0.8992612361907959,0.9663928151130676,0.5612703561782837,1345,0.08130234479904175,0.5948827266693115,0.6424580812454224,0.7837837934494019,30.389610290527344,EDIOFE,0,385,NA,NA,NA,NA,NA,NA,NA,NA,NA,NA,NA,NA,NA,NA,NA,NA,NA,NA,NA,NA,NA,NA,NA,NA,NA,NA,1198.63030945,281.478736819,450.882080284,1,0
46,0.0070858001708984375,0.29046374559402466,0.8754717111587524,0.2068965584039688,-0.451734721660614,242,0,0.6076555252075195,0.04444444552063942,1,10.160428047180176,OJE,0,187,-0.07614398747682571,0,1,0,1,0,1,0,-0.6151806116104126,0,2,0,0,0,0,0,0,0,0,1,1,1,1,0.20273907482624054,0.19068023562431335,0.8586703460036045,13747.8663444,1330.66916144,31.450222628,1,0
12,0.16816973686218262,0.34550541639328003,0.9711538553237915,0.09900990128517151,0.028410641476511955,101,0.8452728986740112,0.5267175436019897,0.4467253088951111,0.9387308359146118,1.5906680822372437,BONDO,0,943,NA,NA,NA,NA,NA,NA,NA,NA,NA,NA,NA,NA,NA,NA,NA,NA,NA,NA,NA,NA,NA,NA,NA,NA,NA,NA,25107.6622014,1245.6011891,1204.19812205,0,0
45,0.01709270477294922,0.1420101523399353,0.49677419662475586,0.10389610379934311,-0.297498881816864,148,0.018139779567718506,0.4821428656578064,0.2358490526676178,0.03703703731298447,13.13131332397461,OJE,0,99,NA,NA,NA,NA,NA,NA,NA,NA,NA,NA,NA,NA,NA,NA,NA,NA,NA,NA,NA,NA,NA,NA,NA,NA,NA,NA,10894.4258225,301.515608376,569.14227664,1,0
70,0,0.4909336566925049,0.9327354431152344,0.12980769574642181,0.04577761888504028,203,0.014924466609954834,0.4467005133628845,0.45026177167892456,0.7222222089767456,24.13793182373047,ST. FRANCIS,0,174,NA,NA,NA,NA,NA,NA,NA,NA,NA,NA,NA,NA,NA,NA,NA,NA,NA,NA,NA,NA,NA,NA,NA,NA,NA,NA,16960.6066601,1712.02797167,917.277138317,1,0
77,0,0.26471126079559326,0.7508772015571594,0.11214952915906906,-0.1311904937028885,258,0,0.27751195430755615,0.4802631437778473,0,29.834253311157227,TUKU,0,181,-1.2801234722137451,0,1,0,0,1,4,0,0.3257713317871094,3,0,0,1,0,0,1,3,0,1,1,1,1,1,0.45729729533195496,0.3758608102798462,0.46916806594332217,15550.413322,0,1073.29286189,1,1
16,0.247667133808136,0.4313015341758728,0.9466666579246521,0.9530516266822815,0.8531268835067749,196,0.43227505683898926,0.7464115023612976,0.6582278609275818,0.9212598204612732,14.792899131774902,EDIOFE,0,169,NA,NA,NA,NA,NA,NA,NA,NA,NA,NA,NA,NA,NA,NA,NA,NA,NA,NA,NA,NA,NA,NA,NA,NA,NA,NA,1879.98453405,0,254.430790298,1,1
66,0.06996190547943115,0.06413543224334717,0.9137380123138428,0.0559440553188324,-0.3839540183544159,285,0.017390012741088867,0.6172839403152466,0.025974025949835777,0.25,3.5460991859436035,SIRIPI,0,141,0.35458630323410034,0,0,0,1,0,0,0,-0.40350988507270813,2,1,0,0,0,0,0,0,0,0,1,1,1,1,0.17408347129821777,0.09955572336912155,0.6714466174878595,40400.6737169,3691.89428444,693.386800264,0,0
22,0.005076110363006592,0.4086267948150635,0.4920634925365448,0.2688172161579132,-0.4862010180950165,173,0,0.4888888895511627,0.46399998664855957,0.0260869562625885,11.11111068725586,GBULUKUATUANI,0,126,NA,NA,NA,NA,NA,NA,NA,NA,NA,NA,NA,NA,NA,NA,NA,NA,NA,NA,NA,NA,NA,NA,NA,NA,NA,NA,36154.1977972,2758.23873337,1426.83789762,1,0
53,0.004839658737182617,0.15406131744384766,0.8655256628990173,0.04237288236618042,-4.571342433337122e-4,367,0.003081679344177246,0.4422442317008972,0.47154471278190613,0.3379310369491577,25.855512619018555,OPIA,0,263,NA,NA,NA,NA,NA,NA,NA,NA,NA,NA,NA,NA,NA,NA,NA,NA,NA,NA,NA,NA,NA,NA,NA,NA,NA,NA,20325.539041,1785.68797847,511.812899818,0,0
56,0,0.14518588781356812,0.9859943985939026,0.16477273404598236,-0.2846139073371887,336,0,0.4000000059604645,0.02575107291340828,0.8571428656578064,27.675275802612305,OTUMBARI,0,271,NA,NA,NA,NA,NA,NA,NA,NA,NA,NA,NA,NA,NA,NA,NA,NA,NA,NA,NA,NA,NA,NA,NA,NA,NA,NA,21041.1019323,455.363821662,1754.00678625,1,0
78,0,0.2809561491012573,0.8678678870201111,0.08996539562940598,0.11705831438302994,311,0,0.4019138813018799,0.10659898817539215,0.9047619104385376,28.88888931274414,TUKU,0,180,NA,NA,NA,NA,NA,NA,NA,NA,NA,NA,NA,NA,NA,NA,NA,NA,NA,NA,NA,NA,NA,NA,NA,NA,NA,NA,16445.1013881,1049.46021091,984.865172166,1,0
39,0,0.16656291484832764,0.9352818131446838,0.0424107126891613,-0.27997517585754395,449,0,0.5847952961921692,0.3475409746170044,0.14173229038715363,33.22981262207031,ODRAKA,0,322,NA,NA,NA,NA,NA,NA,NA,NA,NA,NA,NA,NA,NA,NA,NA,NA,NA,NA,NA,NA,NA,NA,NA,NA,NA,NA,31000.1490187,0,831.099644405,1,1
31,0,0.16776025295257568,0.9146919250488281,0.05699481815099716,-0.21556244790554047,195,0.010062694549560547,0.44392523169517517,0.04848484694957733,1,27.37430191040039,ITIA,0,179,NA,NA,NA,NA,NA,NA,NA,NA,NA,NA,NA,NA,NA,NA,NA,NA,NA,NA,NA,NA,NA,NA,NA,NA,NA,NA,18085.543206,334.376996292,302.338596277,0,0
52,0.047006964683532715,0.033147573471069336,0.8393782377243042,0.08641975373029709,-0.2972738742828369,180,0.05690246820449829,0.4285714328289032,0.17741934955120087,0.47999998927116394,16.541353225708008,OMBINDRIONDRIA,0,133,NA,NA,NA,NA,NA,NA,NA,NA,NA,NA,NA,NA,NA,NA,NA,NA,NA,NA,NA,NA,NA,NA,NA,NA,NA,NA,9034.09502017,461.641920905,1574.05296138,0,0
64,0.005167901515960693,0.23163044452667236,1,0.05050504952669144,-0.1718904823064804,183,0.34801650047302246,0.4680050313472748,0.23736600577831268,0.21008403599262238,5.900151252746582,SIRIPI,0,661,NA,NA,NA,NA,NA,NA,NA,NA,NA,NA,NA,NA,NA,NA,NA,NA,NA,NA,NA,NA,NA,NA,NA,NA,NA,NA,56329.6302343,1573.49567156,5501.16218834,1,0
9,0.009884476661682129,0.48711133003234863,0.7774086594581604,0.17094017565250397,-0.005684950854629278,274,0.004166722297668457,0.38056680560112,0.17258882522583008,0.9117646813392639,0.4716981053352356,AROI,0,212,-0.07614398747682571,0,1,0,1,0,1,0,-0.45575740933418274,0,1,0,0,0,0,0,2,0,0,1,1,1,1,0.13280035555362701,0.11789866536855698,0.8829571061893485,10814.7026188,1204.51140012,351.316094398,1,0
54,0.025636732578277588,0.38844555616378784,0.763239860534668,0.4734693765640259,0.17697128653526306,296,0.013128578662872314,0.3649289011955261,0.4126984179019928,0.16470588743686676,7.734806537628174,OPIA,0,181,NA,NA,NA,NA,NA,NA,NA,NA,NA,NA,NA,NA,NA,NA,NA,NA,NA,NA,NA,NA,NA,NA,NA,NA,NA,NA,23195.5348841,0,1864.88769587,1,1
4,0.004683792591094971,0.4666292071342468,0.843478262424469,0.13917525112628937,-0.14050760865211487,207,0.13217341899871826,0.37974682450294495,0.3888888955116272,0.010101010091602802,11.940298080444336,ANYIRIBU,0,201,NA,NA,NA,NA,NA,NA,NA,NA,NA,NA,NA,NA,NA,NA,NA,NA,NA,NA,NA,NA,NA,NA,NA,NA,NA,NA,57084.2013334,2024.58333643,4500.97851488,1,0
58,0,0.02998518943786621,0.9274448156356812,0.3571428656578064,-0.23963949084281921,289,0,0.39698493480682373,0.017543859779834747,0.75,0,OTUMBARI,1,171,NA,NA,NA,NA,NA,NA,NA,NA,NA,NA,NA,NA,NA,NA,NA,NA,NA,NA,NA,NA,NA,NA,NA,NA,NA,NA,24553.3521747,1961.25176546,2258.79198028,0,0
19,0.12334811687469482,0.34863120317459106,0.6350975036621094,0.8574561476707458,0.4495733678340912,638,0.2440890669822693,0.4365781843662262,0.40890687704086304,0.9215686321258545,20.462045669555664,EDIOFE,0,303,NA,NA,NA,NA,NA,NA,NA,NA,NA,NA,NA,NA,NA,NA,NA,NA,NA,NA,NA,NA,NA,NA,NA,NA,NA,NA,2224.58219145,430.502241575,875.134229207,1,0
14,0.02202373743057251,0.4940054416656494,1,0.031963471323251724,-0.08809198439121246,198,0,0.2562499940395355,0.014492753893136978,0.5,44.755245208740234,BONDO,0,143,-0.29163962602615356,1,1,0,0,0,3,0,-0.2590830624103546,0,0,0,0,0,0,0,2,0,2,1,1,1,1,0.24860519170761108,0.2530052959918976,0.6832244270664285,21469.2850582,1813.9969054,675.916317352,1,0
44,0.03470110893249512,0.04298996925354004,0.6018518805503845,0.4615384638309479,-0.5416107177734375,198,0.01660454273223877,0.4152046740055084,0.06666667014360428,0.25,12.101910591125488,OJE,0,157,NA,NA,NA,NA,NA,NA,NA,NA,NA,NA,NA,NA,NA,NA,NA,NA,NA,NA,NA,NA,NA,NA,NA,NA,NA,NA,12193.4942358,539.119868657,993.886905604,1,0
25,0,0.17268973588943481,1,0.02994011901319027,-0.12697511911392212,153,0,0.6774193644523621,0.09333333373069763,0,0.7194244861602783,IMVEPI,0,139,NA,NA,NA,NA,NA,NA,NA,NA,NA,NA,NA,NA,NA,NA,NA,NA,NA,NA,NA,NA,NA,NA,NA,NA,NA,NA,49763.8423516,671.178913125,2472.90247169,1,0
79,0.00825798511505127,0.30823999643325806,0.6816239356994629,0.17868338525295258,-0.09446891397237778,443,0.009129762649536133,0.4279569983482361,0.384269654750824,0.5534350872039795,25.944583892822266,TUKU,1,397,NA,NA,NA,NA,NA,NA,NA,NA,NA,NA,NA,NA,NA,NA,NA,NA,NA,NA,NA,NA,NA,NA,NA,NA,NA,NA,14636.5385466,458.843321336,1368.54161623,1,0
28,0.0040160417556762695,0.46982091665267944,0.8515625,0.44954127073287964,0.15132111310958862,238,0.0207366943359375,0.4556961953639984,0.45652174949645996,0.13265305757522583,19.4312801361084,ITIA,0,211,NA,NA,NA,NA,NA,NA,NA,NA,NA,NA,NA,NA,NA,NA,NA,NA,NA,NA,NA,NA,NA,NA,NA,NA,NA,NA,18361.4969107,1896.70148935,249.379896317,1,0
68,0.0028818845748901367,0.1559441089630127,0.9268292784690857,0.43421053886413574,-0.06126657500863075,295,0,0.4333333373069763,0.03614457696676254,1,32.96089553833008,ST. FRANCIS,1,179,NA,NA,NA,NA,NA,NA,NA,NA,NA,NA,NA,NA,NA,NA,NA,NA,NA,NA,NA,NA,NA,NA,NA,NA,NA,NA,16207.5554773,1657.40111757,51.0745980552,1,0
21,0.10302037000656128,0.544021487236023,0.8725868463516235,0.43805310130119324,-0.22687439620494843,234,0.15605151653289795,0.246478870511055,0.4878048896789551,0.016260161995887756,16.793893814086914,GBULUKUATUANI,0,131,NA,NA,NA,NA,NA,NA,NA,NA,NA,NA,NA,NA,NA,NA,NA,NA,NA,NA,NA,NA,NA,NA,NA,NA,NA,NA,35317.7272497,774.820345438,1759.32448547,0,0
61,0.01070934534072876,0.12604057788848877,0.9902912378311157,0.3186274468898773,-0.0976606160402298,186,0,0.3008849620819092,0.45821326971054077,0.08479531854391098,2.7431421279907227,OYIMA,0,401,NA,NA,NA,NA,NA,NA,NA,NA,NA,NA,NA,NA,NA,NA,NA,NA,NA,NA,NA,NA,NA,NA,NA,NA,NA,NA,47699.34353635,2386.747395159,2254.4874169,0,0
32,0.04903644323348999,0.4458093047142029,1,0.006666666828095913,0.01949268765747547,138,0.0330924391746521,0.41868510842323303,0.3840000033378601,0,0,LOGIRI,0,255,NA,NA,NA,NA,NA,NA,NA,NA,NA,NA,NA,NA,NA,NA,NA,NA,NA,NA,NA,NA,NA,NA,NA,NA,NA,NA,31465.7540616,2076.3837785,1174.25765896,1,0
30,0.004661977291107178,0.3303672671318054,0.9906103014945984,0.3364928960800171,-0.21609361469745636,206,0,0.2525252401828766,0.4000000059604645,0.0470588244497776,6.629834175109863,ITIA,0,181,NA,NA,NA,NA,NA,NA,NA,NA,NA,NA,NA,NA,NA,NA,NA,NA,NA,NA,NA,NA,NA,NA,NA,NA,NA,NA,16956.5907621,1142.86631231,910.05276846,1,0
10,0.010145723819732666,0.36648666858673096,0.7089946866035461,0.4216417968273163,0.1745550036430359,351,0.003164529800415039,0.40186914801597595,0.05956112965941429,0.8947368264198303,2.1505377292633057,AROI,2,279,NA,NA,NA,NA,NA,NA,NA,NA,NA,NA,NA,NA,NA,NA,NA,NA,NA,NA,NA,NA,NA,NA,NA,NA,NA,NA,9601.36993902,499.509817074,667.835230935,0,0
63,NA,NA,NA,NA,NA,NA,0.09310966730117798,0.3717948794364929,0.45588234066963196,0.01587301678955555,2.985074520111084,OYIMA,0,67,NA,NA,NA,NA,NA,NA,NA,NA,NA,NA,NA,NA,NA,NA,NA,NA,NA,NA,NA,NA,NA,NA,NA,NA,NA,NA,43920.236801,1509.80715399,3058.51161578,0,0
